
BEGIN TRANSACTION;
CREATE TABLE IF NOT EXISTS "migrations" ("id" integer primary key autoincrement not null, "migration" varchar not null, "batch" integer not null);
INSERT INTO migrations VALUES(1,'0001_01_01_000001_create_cache_table',1);
INSERT INTO migrations VALUES(2,'0001_01_01_000001_create_states_and_cities_tables',1);
INSERT INTO migrations VALUES(3,'0001_01_01_000005_create_users_table',1);
INSERT INTO migrations VALUES(4,'2026_05_04_143401_create_personal_access_tokens_table',1);
INSERT INTO migrations VALUES(5,'2026_05_05_000001_create_vendors_table',1);
INSERT INTO migrations VALUES(6,'2026_05_05_000002_create_vendor_areas_table',1);
INSERT INTO migrations VALUES(7,'2026_05_05_000002_create_vendor_members_table',1);
INSERT INTO migrations VALUES(8,'2026_05_05_000003_create_meals_table',1);
INSERT INTO migrations VALUES(9,'2026_05_05_000004_create_orders_table',1);
INSERT INTO migrations VALUES(10,'2026_05_05_000005_create_order_items_table',1);
INSERT INTO migrations VALUES(11,'2026_05_05_000006_create_messages_table',1);
INSERT INTO migrations VALUES(12,'2026_05_05_000007_create_blog_posts_table',1);
INSERT INTO migrations VALUES(13,'2026_05_05_000008_create_reviews_table',1);
INSERT INTO migrations VALUES(14,'2026_05_05_000009_create_coupons_table',1);
INSERT INTO migrations VALUES(15,'2026_05_05_000010_create_notifications_table',1);
INSERT INTO migrations VALUES(16,'2026_05_05_000011_create_follows_table',1);
INSERT INTO migrations VALUES(17,'2026_05_05_000013_create_loyalty_points_table',1);
INSERT INTO migrations VALUES(18,'2026_05_05_000014_create_support_tickets_table',1);
INSERT INTO migrations VALUES(19,'2026_05_05_000015_create_vendor_verifications_table',1);
INSERT INTO migrations VALUES(20,'2026_05_05_000016_create_refunds_table',1);
INSERT INTO migrations VALUES(21,'2026_05_05_000017_create_payouts_table',1);
INSERT INTO migrations VALUES(22,'2026_05_05_000018_create_audit_logs_table',1);
INSERT INTO migrations VALUES(23,'2026_05_05_000019_create_settings_table',1);
INSERT INTO migrations VALUES(24,'2026_05_05_000020_create_roles_table',1);
INSERT INTO migrations VALUES(25,'2026_05_06_000002_create_admins_table',1);
INSERT INTO migrations VALUES(26,'2026_05_06_000003_create_moderations_table',1);
INSERT INTO migrations VALUES(27,'2026_05_06_000004_create_missing_tables',1);
INSERT INTO migrations VALUES(28,'2026_05_06_000004_create_permissions_table',1);
CREATE TABLE IF NOT EXISTS "cache" ("key" varchar not null, "value" text not null, "expiration" integer not null, primary key ("key"));
CREATE TABLE IF NOT EXISTS "cache_locks" ("key" varchar not null, "owner" varchar not null, "expiration" integer not null, primary key ("key"));
CREATE TABLE IF NOT EXISTS "states" ("id" integer primary key autoincrement not null, "name" varchar not null, "slug" varchar not null, "created_at" datetime, "updated_at" datetime);
INSERT INTO states VALUES(1,'Abia','abia','2026-05-06 14:12:50','2026-05-06 14:12:50');
INSERT INTO states VALUES(2,'Adamawa','adamawa','2026-05-06 14:12:50','2026-05-06 14:12:50');
INSERT INTO states VALUES(3,'Akwa Ibom','akwa-ibom','2026-05-06 14:12:50','2026-05-06 14:12:50');
INSERT INTO states VALUES(4,'Anambra','anambra','2026-05-06 14:12:50','2026-05-06 14:12:50');
INSERT INTO states VALUES(5,'Bauchi','bauchi','2026-05-06 14:12:50','2026-05-06 14:12:50');
INSERT INTO states VALUES(6,'Bayelsa','bayelsa','2026-05-06 14:12:50','2026-05-06 14:12:50');
INSERT INTO states VALUES(7,'Benue','benue','2026-05-06 14:12:50','2026-05-06 14:12:50');
INSERT INTO states VALUES(8,'Borno','borno','2026-05-06 14:12:50','2026-05-06 14:12:50');
INSERT INTO states VALUES(9,'Cross River','cross-river','2026-05-06 14:12:50','2026-05-06 14:12:50');
INSERT INTO states VALUES(10,'Delta','delta','2026-05-06 14:12:50','2026-05-06 14:12:50');
INSERT INTO states VALUES(11,'Ebonyi','ebonyi','2026-05-06 14:12:50','2026-05-06 14:12:50');
INSERT INTO states VALUES(12,'Edo','edo','2026-05-06 14:12:50','2026-05-06 14:12:50');
INSERT INTO states VALUES(13,'Ekiti','ekiti','2026-05-06 14:12:50','2026-05-06 14:12:50');
INSERT INTO states VALUES(14,'Enugu','enugu','2026-05-06 14:12:50','2026-05-06 14:12:50');
INSERT INTO states VALUES(15,'Gombe','gombe','2026-05-06 14:12:50','2026-05-06 14:12:50');
INSERT INTO states VALUES(16,'Imo','imo','2026-05-06 14:12:50','2026-05-06 14:12:50');
INSERT INTO states VALUES(17,'Jigawa','jigawa','2026-05-06 14:12:50','2026-05-06 14:12:50');
INSERT INTO states VALUES(18,'Kaduna','kaduna','2026-05-06 14:12:50','2026-05-06 14:12:50');
INSERT INTO states VALUES(19,'Kano','kano','2026-05-06 14:12:51','2026-05-06 14:12:51');
INSERT INTO states VALUES(20,'Katsina','katsina','2026-05-06 14:12:51','2026-05-06 14:12:51');
INSERT INTO states VALUES(21,'Kebbi','kebbi','2026-05-06 14:12:51','2026-05-06 14:12:51');
INSERT INTO states VALUES(22,'Kogi','kogi','2026-05-06 14:12:51','2026-05-06 14:12:51');
INSERT INTO states VALUES(23,'Kwara','kwara','2026-05-06 14:12:51','2026-05-06 14:12:51');
INSERT INTO states VALUES(24,'Lagos','lagos','2026-05-06 14:12:51','2026-05-06 14:12:51');
INSERT INTO states VALUES(25,'Nasarawa','nasarawa','2026-05-06 14:12:51','2026-05-06 14:12:51');
INSERT INTO states VALUES(26,'Niger','niger','2026-05-06 14:12:51','2026-05-06 14:12:51');
INSERT INTO states VALUES(27,'Ogun','ogun','2026-05-06 14:12:51','2026-05-06 14:12:51');
INSERT INTO states VALUES(28,'Ondo','ondo','2026-05-06 14:12:51','2026-05-06 14:12:51');
INSERT INTO states VALUES(29,'Osun','osun','2026-05-06 14:12:51','2026-05-06 14:12:51');
INSERT INTO states VALUES(30,'Oyo','oyo','2026-05-06 14:12:51','2026-05-06 14:12:51');
INSERT INTO states VALUES(31,'Plateau','plateau','2026-05-06 14:12:51','2026-05-06 14:12:51');
INSERT INTO states VALUES(32,'Rivers','rivers','2026-05-06 14:12:51','2026-05-06 14:12:51');
INSERT INTO states VALUES(33,'Sokoto','sokoto','2026-05-06 14:12:51','2026-05-06 14:12:51');
INSERT INTO states VALUES(34,'Taraba','taraba','2026-05-06 14:12:51','2026-05-06 14:12:51');
INSERT INTO states VALUES(35,'Yobe','yobe','2026-05-06 14:12:51','2026-05-06 14:12:51');
INSERT INTO states VALUES(36,'Zamfara','zamfara','2026-05-06 14:12:52','2026-05-06 14:12:52');
INSERT INTO states VALUES(37,'Federal Capital Territory','federal-capital-territory','2026-05-06 14:12:52','2026-05-06 14:12:52');
CREATE TABLE IF NOT EXISTS "cities" ("id" integer primary key autoincrement not null, "state_id" integer not null, "name" varchar not null, "slug" varchar not null, "created_at" datetime, "updated_at" datetime, foreign key("state_id") references "states"("id") on delete cascade);
INSERT INTO cities VALUES(1,1,'Umuahia','umuahia','2026-05-06 14:12:50','2026-05-06 14:12:50');
INSERT INTO cities VALUES(2,2,'Yola','yola','2026-05-06 14:12:50','2026-05-06 14:12:50');
INSERT INTO cities VALUES(3,3,'Uyo','uyo','2026-05-06 14:12:50','2026-05-06 14:12:50');
INSERT INTO cities VALUES(4,4,'Awka','awka','2026-05-06 14:12:50','2026-05-06 14:12:50');
INSERT INTO cities VALUES(5,5,'Bauchi','bauchi','2026-05-06 14:12:50','2026-05-06 14:12:50');
INSERT INTO cities VALUES(6,6,'Yenagoa','yenagoa','2026-05-06 14:12:50','2026-05-06 14:12:50');
INSERT INTO cities VALUES(7,7,'Makurdi','makurdi','2026-05-06 14:12:50','2026-05-06 14:12:50');
INSERT INTO cities VALUES(8,8,'Maiduguri','maiduguri','2026-05-06 14:12:50','2026-05-06 14:12:50');
INSERT INTO cities VALUES(9,9,'Calabar','calabar','2026-05-06 14:12:50','2026-05-06 14:12:50');
INSERT INTO cities VALUES(10,10,'Asaba','asaba','2026-05-06 14:12:50','2026-05-06 14:12:50');
INSERT INTO cities VALUES(11,11,'Abakaliki','abakaliki','2026-05-06 14:12:50','2026-05-06 14:12:50');
INSERT INTO cities VALUES(12,12,'Benin City','benin-city','2026-05-06 14:12:50','2026-05-06 14:12:50');
INSERT INTO cities VALUES(13,13,'Ado-Ekiti','ado-ekiti','2026-05-06 14:12:50','2026-05-06 14:12:50');
INSERT INTO cities VALUES(14,14,'Enugu','enugu','2026-05-06 14:12:50','2026-05-06 14:12:50');
INSERT INTO cities VALUES(15,15,'Gombe','gombe','2026-05-06 14:12:50','2026-05-06 14:12:50');
INSERT INTO cities VALUES(16,16,'Owerri','owerri','2026-05-06 14:12:50','2026-05-06 14:12:50');
INSERT INTO cities VALUES(17,17,'Dutse','dutse','2026-05-06 14:12:50','2026-05-06 14:12:50');
INSERT INTO cities VALUES(18,18,'Kaduna','kaduna','2026-05-06 14:12:50','2026-05-06 14:12:50');
INSERT INTO cities VALUES(19,19,'Kano','kano','2026-05-06 14:12:51','2026-05-06 14:12:51');
INSERT INTO cities VALUES(20,20,'Katsina','katsina','2026-05-06 14:12:51','2026-05-06 14:12:51');
INSERT INTO cities VALUES(21,21,'Birnin Kebbi','birnin-kebbi','2026-05-06 14:12:51','2026-05-06 14:12:51');
INSERT INTO cities VALUES(22,22,'Lokoja','lokoja','2026-05-06 14:12:51','2026-05-06 14:12:51');
INSERT INTO cities VALUES(23,23,'Ilorin','ilorin','2026-05-06 14:12:51','2026-05-06 14:12:51');
INSERT INTO cities VALUES(24,24,'Ikeja','ikeja','2026-05-06 14:12:51','2026-05-06 14:12:51');
INSERT INTO cities VALUES(25,25,'Lafia','lafia','2026-05-06 14:12:51','2026-05-06 14:12:51');
INSERT INTO cities VALUES(26,26,'Minna','minna','2026-05-06 14:12:51','2026-05-06 14:12:51');
INSERT INTO cities VALUES(27,27,'Abeokuta','abeokuta','2026-05-06 14:12:51','2026-05-06 14:12:51');
INSERT INTO cities VALUES(28,28,'Akure','akure','2026-05-06 14:12:51','2026-05-06 14:12:51');
INSERT INTO cities VALUES(29,29,'Osogbo','osogbo','2026-05-06 14:12:51','2026-05-06 14:12:51');
INSERT INTO cities VALUES(30,30,'Ibadan','ibadan','2026-05-06 14:12:51','2026-05-06 14:12:51');
INSERT INTO cities VALUES(31,31,'Jos','jos','2026-05-06 14:12:51','2026-05-06 14:12:51');
INSERT INTO cities VALUES(32,32,'Port Harcourt','port-harcourt','2026-05-06 14:12:51','2026-05-06 14:12:51');
INSERT INTO cities VALUES(33,33,'Sokoto','sokoto','2026-05-06 14:12:51','2026-05-06 14:12:51');
INSERT INTO cities VALUES(34,34,'Jalingo','jalingo','2026-05-06 14:12:51','2026-05-06 14:12:51');
INSERT INTO cities VALUES(35,35,'Damaturu','damaturu','2026-05-06 14:12:52','2026-05-06 14:12:52');
INSERT INTO cities VALUES(36,36,'Gusau','gusau','2026-05-06 14:12:52','2026-05-06 14:12:52');
INSERT INTO cities VALUES(37,37,'Abuja','abuja','2026-05-06 14:12:52','2026-05-06 14:12:52');
CREATE TABLE IF NOT EXISTS "users" ("id" integer primary key autoincrement not null, "name" varchar not null, "email" varchar not null, "email_verified_at" datetime, "password" varchar not null, "two_factor_secret" text, "two_factor_recovery_codes" text, "two_factor_confirmed_at" datetime, "remember_token" varchar, "created_at" datetime, "updated_at" datetime, "state_id" integer not null, foreign key("state_id") references "states"("id"));
INSERT INTO users VALUES(1,'Super Admin','superadmin@menumenu.com',NULL,'$2y$12$plkBuIpWSD6BaKqzySWm3.340yUdl.VrrOc/ZXxfM31lNJ1TW15B2',NULL,NULL,NULL,NULL,'2026-05-06 14:12:54','2026-05-06 14:20:22',1);
INSERT INTO users VALUES(2,'John Manager','manager@menumenu.com',NULL,'$2y$12$plkBuIpWSD6BaKqzySWm3.340yUdl.VrrOc/ZXxfM31lNJ1TW15B2',NULL,NULL,NULL,NULL,'2026-05-06 14:12:54','2026-05-06 14:20:22',1);
INSERT INTO users VALUES(3,'Sarah Finance','finance@menumenu.com',NULL,'$2y$12$plkBuIpWSD6BaKqzySWm3.340yUdl.VrrOc/ZXxfM31lNJ1TW15B2',NULL,NULL,NULL,NULL,'2026-05-06 14:12:54','2026-05-06 14:20:22',1);
INSERT INTO users VALUES(4,'Mike Support','support@menumenu.com',NULL,'$2y$12$plkBuIpWSD6BaKqzySWm3.340yUdl.VrrOc/ZXxfM31lNJ1TW15B2',NULL,NULL,NULL,NULL,'2026-05-06 14:12:54','2026-05-06 14:20:22',1);
INSERT INTO users VALUES(5,'Emma Moderator','moderator@menumenu.com',NULL,'$2y$12$plkBuIpWSD6BaKqzySWm3.340yUdl.VrrOc/ZXxfM31lNJ1TW15B2',NULL,NULL,NULL,NULL,'2026-05-06 14:12:54','2026-05-06 14:20:22',1);
INSERT INTO users VALUES(6,'Admin User','admin@example.com',NULL,'$2y$12$LAZXUiWKcWKl0v87aRrOneqkqh0.RUri1bOBoXvG7etYZ/Ff1XLSK',NULL,NULL,NULL,NULL,'2026-05-06 14:12:55','2026-05-06 14:12:55',1);
INSERT INTO users VALUES(7,'Test User','test@example.com',NULL,'$2y$12$MeQnyTuWiz3SuNtn1QbDEedK5.5UhvPK4vCbqh8.M0waKaKLRIksu',NULL,NULL,NULL,NULL,'2026-05-06 14:12:56','2026-05-06 14:12:56',1);
INSERT INTO users VALUES(8,'Gideon Leffler II','adams.sabina@example.org','2026-05-06 14:12:56','$2y$12$eTh4Tmqc3WLr0ZEwwQYqROXpOhmVRfcXYdqxZDZoifkUZkx6DfL56',NULL,NULL,NULL,'16ViLArlYO','2026-05-06 14:12:57','2026-05-06 14:12:57',1);
INSERT INTO users VALUES(9,'Brando Kassulke','simonis.ludie@example.com','2026-05-06 14:12:57','$2y$12$eTh4Tmqc3WLr0ZEwwQYqROXpOhmVRfcXYdqxZDZoifkUZkx6DfL56',NULL,NULL,NULL,'WwCdpq1XoN','2026-05-06 14:12:57','2026-05-06 14:12:57',1);
INSERT INTO users VALUES(10,'Derick Feeney','kautzer.irwin@example.com','2026-05-06 14:12:57','$2y$12$eTh4Tmqc3WLr0ZEwwQYqROXpOhmVRfcXYdqxZDZoifkUZkx6DfL56',NULL,NULL,NULL,'dILEZ4PaxD','2026-05-06 14:12:57','2026-05-06 14:12:57',1);
INSERT INTO users VALUES(11,'Nathen Schaefer','olga.mitchell@example.org','2026-05-06 14:12:57','$2y$12$eTh4Tmqc3WLr0ZEwwQYqROXpOhmVRfcXYdqxZDZoifkUZkx6DfL56',NULL,NULL,NULL,'duEgsQ8jdt','2026-05-06 14:12:57','2026-05-06 14:12:57',1);
INSERT INTO users VALUES(12,'Mr. Kole Heathcote II','mante.elizabeth@example.org','2026-05-06 14:12:57','$2y$12$eTh4Tmqc3WLr0ZEwwQYqROXpOhmVRfcXYdqxZDZoifkUZkx6DfL56',NULL,NULL,NULL,'ceA1hKvC4M','2026-05-06 14:12:57','2026-05-06 14:12:57',1);
INSERT INTO users VALUES(13,'Janelle Ritchie','ljohnston@example.com','2026-05-06 14:12:57','$2y$12$eTh4Tmqc3WLr0ZEwwQYqROXpOhmVRfcXYdqxZDZoifkUZkx6DfL56',NULL,NULL,NULL,'CXplj4iFKk','2026-05-06 14:12:57','2026-05-06 14:12:57',1);
INSERT INTO users VALUES(14,'Bennett Gerhold V','pfriesen@example.org','2026-05-06 14:12:57','$2y$12$eTh4Tmqc3WLr0ZEwwQYqROXpOhmVRfcXYdqxZDZoifkUZkx6DfL56',NULL,NULL,NULL,'GpXN0qPee3','2026-05-06 14:12:57','2026-05-06 14:12:57',1);
INSERT INTO users VALUES(15,'Rossie Hoeger','langworth.kristin@example.net','2026-05-06 14:12:57','$2y$12$eTh4Tmqc3WLr0ZEwwQYqROXpOhmVRfcXYdqxZDZoifkUZkx6DfL56',NULL,NULL,NULL,'d6XLOtiVXp','2026-05-06 14:12:57','2026-05-06 14:12:57',1);
INSERT INTO users VALUES(16,'Elyse Christiansen','jimmy.rodriguez@example.com','2026-05-06 14:12:57','$2y$12$eTh4Tmqc3WLr0ZEwwQYqROXpOhmVRfcXYdqxZDZoifkUZkx6DfL56',NULL,NULL,NULL,'lfWWuVuif2','2026-05-06 14:12:57','2026-05-06 14:12:57',1);
INSERT INTO users VALUES(17,'Prof. Macey Huel','kiehn.jerrod@example.org','2026-05-06 14:12:57','$2y$12$eTh4Tmqc3WLr0ZEwwQYqROXpOhmVRfcXYdqxZDZoifkUZkx6DfL56',NULL,NULL,NULL,'pzme4qTiMB','2026-05-06 14:12:57','2026-05-06 14:12:57',1);
CREATE TABLE IF NOT EXISTS "password_reset_tokens" ("email" varchar not null, "token" varchar not null, "created_at" datetime, primary key ("email"));
CREATE TABLE IF NOT EXISTS "sessions" ("id" varchar not null, "user_id" integer, "ip_address" varchar, "user_agent" text, "payload" text not null, "last_activity" integer not null, primary key ("id"));
CREATE TABLE IF NOT EXISTS "personal_access_tokens" ("id" integer primary key autoincrement not null, "tokenable_type" varchar not null, "tokenable_id" integer not null, "name" text not null, "token" varchar not null, "abilities" text, "last_used_at" datetime, "expires_at" datetime, "created_at" datetime, "updated_at" datetime);
CREATE TABLE IF NOT EXISTS "vendors" ("id" integer primary key autoincrement not null, "user_id" integer, "name" varchar not null, "slug" varchar not null, "email" varchar, "phone" varchar, "password" varchar, "remember_token" varchar, "tagline" varchar, "description" text, "banner_path" varchar, "avatar_path" varchar, "state_id" integer not null, "city_id" integer, "address" varchar, "is_open" tinyint(1) not null default '0', "open_time" time, "close_time" time, "delivery_available" tinyint(1) not null default '1', "pickup_available" tinyint(1) not null default '1', "commission_percent" integer not null default '10', "created_at" datetime, "updated_at" datetime, foreign key("user_id") references "users"("id") on delete set null, foreign key("state_id") references "states"("id") on delete cascade, foreign key("city_id") references "cities"("id") on delete set null);
INSERT INTO vendors VALUES(1,1,'Nikolaus-Bergnaum','nikolaus-bergnaum-1639','ftrantow@emard.com','+1 (971) 614-2575',NULL,NULL,'Front-line foreground neural-net','Fuga vel quae blanditiis sed cumque eligendi ut. Ullam voluptatem numquam sit.',NULL,NULL,1,1,replace('43337 Brekke Forks\nNorth Tomhaven, TX 82480-8720','\n',char(10)),1,'15:03:19','01:13:42',1,1,10,'2026-05-06 14:12:58','2026-05-06 14:12:58');
INSERT INTO vendors VALUES(2,2,'Anderson-Ullrich','anderson-ullrich-8237','emurphy@nikolaus.net','838.897.4977',NULL,NULL,'Horizontal holistic project','Dolorem est quo rerum quasi excepturi. Qui voluptatum provident inventore sunt. Corrupti omnis laudantium voluptatem ut. Aspernatur occaecati quia officia rerum sit amet vel. Quos quod at autem dolor.',NULL,NULL,1,1,replace('36181 Kunde Springs Apt. 935\nEast Giovannyfort, VT 71991','\n',char(10)),1,'03:13:20','03:48:58',1,1,10,'2026-05-06 14:12:58','2026-05-06 14:12:58');
INSERT INTO vendors VALUES(3,3,'Littel and Sons','littel-and-sons-1659','cummerata.name@prohaska.com','(929) 289-0788',NULL,NULL,'Diverse reciprocal opensystem','Quia provident consectetur non. Earum libero consequatur error harum.',NULL,NULL,1,1,replace('64365 Hilpert Gardens\nMarvinchester, KS 61588-6176','\n',char(10)),1,'02:27:31','15:40:49',1,1,10,'2026-05-06 14:12:58','2026-05-06 14:12:58');
INSERT INTO vendors VALUES(4,4,'Ernser Group','ernser-group-5721','kevin33@ruecker.com','740-330-0147',NULL,NULL,'Streamlined context-sensitive knowledgebase','Repellendus voluptate excepturi necessitatibus maiores adipisci in veniam nihil. Sequi architecto vel suscipit incidunt consequatur.',NULL,NULL,1,1,replace('990 Dock Lane Apt. 609\nPort Earnestine, PA 30597','\n',char(10)),1,'00:03:41','15:01:22',1,1,10,'2026-05-06 14:12:59','2026-05-06 14:12:59');
INSERT INTO vendors VALUES(5,5,'Hintz, Boehm and Watsica','hintz-boehm-and-watsica-6436','cadams@heller.org','1-551-269-8342',NULL,NULL,'Mandatory uniform implementation','Aspernatur sunt rerum molestiae soluta. Dolore inventore animi nemo facilis veniam sed aut. Aut nesciunt consequatur harum itaque repellendus.',NULL,NULL,1,1,replace('1460 Reggie Summit\nMartyfort, OR 59638-3140','\n',char(10)),1,'23:39:22','04:18:49',1,1,10,'2026-05-06 14:12:59','2026-05-06 14:12:59');
INSERT INTO vendors VALUES(6,6,'Larson, Schulist and Miller','larson-schulist-and-miller-7906','alexys.heidenreich@schoen.com','570-755-0404',NULL,NULL,'Robust bottom-line infrastructure','Ut possimus facere necessitatibus laborum qui. Laborum natus quos deserunt et vel officiis. Laudantium eos modi qui autem voluptatem dignissimos. Quia eveniet nihil itaque voluptas.',NULL,NULL,1,1,replace('6418 Eichmann Fort Apt. 322\nVandervortville, DC 82683-0299','\n',char(10)),0,'06:33:10','21:36:47',1,1,10,'2026-05-06 14:13:00','2026-05-06 14:13:00');
INSERT INTO vendors VALUES(7,7,'Schumm Inc','schumm-inc-4720','darian28@mclaughlin.com','+1-463-865-5334',NULL,NULL,'Multi-tiered client-driven circuit','Maiores non tenetur ea deserunt autem sunt quia. Est sint aut natus deleniti. Est occaecati laborum necessitatibus aut ut quam sunt quos. Dolorum quis commodi beatae. Fugiat sunt voluptatem eos tempore ut eius maxime.',NULL,NULL,1,1,replace('94642 Karine Valleys Suite 342\nNew Issacberg, WV 89953-9343','\n',char(10)),1,'00:29:54','11:14:59',1,1,10,'2026-05-06 14:13:00','2026-05-06 14:13:00');
INSERT INTO vendors VALUES(8,8,'Raynor Inc','raynor-inc-9577','joshua30@parker.biz','+1 (641) 980-0590',NULL,NULL,'Cloned empowering toolset','Quia maiores ut minima laboriosam est ullam enim dolor. Nostrum quia voluptate similique animi ea dolores fuga nulla. Harum suscipit qui ipsum blanditiis pariatur pariatur cum.',NULL,NULL,1,1,replace('543 Hintz Mountains\nJamesonchester, ND 86549','\n',char(10)),1,'06:40:44','18:39:23',1,1,10,'2026-05-06 14:13:00','2026-05-06 14:13:00');
CREATE TABLE IF NOT EXISTS "vendor_areas" ("id" integer primary key autoincrement not null, "vendor_id" integer not null, "name" varchar not null, "fee" integer not null default '500', "min_delivery_time" integer, "created_at" datetime, "updated_at" datetime, foreign key("vendor_id") references "vendors"("id") on delete cascade);
INSERT INTO vendor_areas VALUES(1,1,'West Garlandstad',1087,46,'2026-05-06 14:12:58','2026-05-06 14:12:58');
INSERT INTO vendor_areas VALUES(2,1,'Port Clovis',343,34,'2026-05-06 14:12:58','2026-05-06 14:12:58');
INSERT INTO vendor_areas VALUES(3,1,'Zboncakbury',906,55,'2026-05-06 14:12:58','2026-05-06 14:12:58');
INSERT INTO vendor_areas VALUES(4,2,'South Julieview',693,58,'2026-05-06 14:12:58','2026-05-06 14:12:58');
INSERT INTO vendor_areas VALUES(5,2,'Port Rodrickberg',706,16,'2026-05-06 14:12:58','2026-05-06 14:12:58');
INSERT INTO vendor_areas VALUES(6,2,'Bradtkeland',601,58,'2026-05-06 14:12:58','2026-05-06 14:12:58');
INSERT INTO vendor_areas VALUES(7,3,'Nicolasmouth',772,25,'2026-05-06 14:12:58','2026-05-06 14:12:58');
INSERT INTO vendor_areas VALUES(8,3,'Collinsstad',882,25,'2026-05-06 14:12:58','2026-05-06 14:12:58');
INSERT INTO vendor_areas VALUES(9,3,'South Phyllis',486,17,'2026-05-06 14:12:58','2026-05-06 14:12:58');
INSERT INTO vendor_areas VALUES(10,4,'Port Guido',530,33,'2026-05-06 14:12:59','2026-05-06 14:12:59');
INSERT INTO vendor_areas VALUES(11,4,'North Sallie',689,44,'2026-05-06 14:12:59','2026-05-06 14:12:59');
INSERT INTO vendor_areas VALUES(12,4,'Lake Beverly',908,15,'2026-05-06 14:12:59','2026-05-06 14:12:59');
INSERT INTO vendor_areas VALUES(13,5,'Lake Johnville',650,15,'2026-05-06 14:12:59','2026-05-06 14:12:59');
INSERT INTO vendor_areas VALUES(14,5,'Kellyview',1165,25,'2026-05-06 14:12:59','2026-05-06 14:12:59');
INSERT INTO vendor_areas VALUES(15,5,'Abbottton',1088,54,'2026-05-06 14:12:59','2026-05-06 14:12:59');
INSERT INTO vendor_areas VALUES(16,6,'Savanahshire',947,19,'2026-05-06 14:13:00','2026-05-06 14:13:00');
INSERT INTO vendor_areas VALUES(17,6,'North Melissa',1094,41,'2026-05-06 14:13:00','2026-05-06 14:13:00');
INSERT INTO vendor_areas VALUES(18,6,'Brielleside',494,32,'2026-05-06 14:13:00','2026-05-06 14:13:00');
INSERT INTO vendor_areas VALUES(19,7,'New Javontehaven',333,57,'2026-05-06 14:13:00','2026-05-06 14:13:00');
INSERT INTO vendor_areas VALUES(20,7,'North Watsonborough',777,15,'2026-05-06 14:13:00','2026-05-06 14:13:00');
INSERT INTO vendor_areas VALUES(21,7,'Romanhaven',636,58,'2026-05-06 14:13:00','2026-05-06 14:13:00');
INSERT INTO vendor_areas VALUES(22,8,'Port Destinyville',1079,57,'2026-05-06 14:13:00','2026-05-06 14:13:00');
INSERT INTO vendor_areas VALUES(23,8,'New Natalieland',434,39,'2026-05-06 14:13:00','2026-05-06 14:13:00');
INSERT INTO vendor_areas VALUES(24,8,'Neldaberg',805,34,'2026-05-06 14:13:00','2026-05-06 14:13:00');
CREATE TABLE IF NOT EXISTS "vendor_members" ("id" integer primary key autoincrement not null, "vendor_id" integer not null, "name" varchar not null, "email" varchar not null, "password" varchar not null, "role" varchar, "is_active" tinyint(1) not null default '1', "created_at" datetime, "updated_at" datetime, foreign key("vendor_id") references "vendors"("id") on delete cascade);
CREATE TABLE IF NOT EXISTS "meals" ("id" integer primary key autoincrement not null, "vendor_id" integer not null, "name" varchar not null, "slug" varchar, "description" text, "price" integer not null default '0', "currency" varchar not null default 'NGN', "available" tinyint(1) not null default '1', "prep_time" integer, "category" varchar, "image_path" varchar, "created_at" datetime, "updated_at" datetime, foreign key("vendor_id") references "vendors"("id") on delete cascade);
INSERT INTO meals VALUES(1,1,'Culpa accusantium voluptatem','culpa-accusantium-voluptatem-7471','Non nam quos accusamus animi ut et.',1595,'NGN',1,41,'Sides',NULL,'2026-05-06 14:12:58','2026-05-06 14:12:58');
INSERT INTO meals VALUES(2,1,'Cumque expedita voluptatum','cumque-expedita-voluptatum-2677','Error id officiis et eaque repellendus.',5218,'NGN',1,10,'Main',NULL,'2026-05-06 14:12:58','2026-05-06 14:12:58');
INSERT INTO meals VALUES(3,1,'Et et sapiente','et-et-sapiente-3535','Voluptatibus ea expedita quisquam nisi nam sed tenetur.',5160,'NGN',1,27,'Breakfast',NULL,'2026-05-06 14:12:58','2026-05-06 14:12:58');
INSERT INTO meals VALUES(4,1,'Et est expedita','et-est-expedita-7978','Temporibus beatae magni ipsa.',4211,'NGN',1,55,'Dessert',NULL,'2026-05-06 14:12:58','2026-05-06 14:12:58');
INSERT INTO meals VALUES(5,1,'Occaecati facilis aut','occaecati-facilis-aut-6982','Et qui quas inventore esse velit.',2738,'NGN',1,57,'Breakfast',NULL,'2026-05-06 14:12:58','2026-05-06 14:12:58');
INSERT INTO meals VALUES(6,1,'Nesciunt magnam accusamus','nesciunt-magnam-accusamus-5847','Ipsam nulla dolor aspernatur enim et consequatur non.',854,'NGN',1,23,'Dessert',NULL,'2026-05-06 14:12:58','2026-05-06 14:12:58');
INSERT INTO meals VALUES(7,1,'Illum dolorem culpa','illum-dolorem-culpa-7074','Corrupti eaque doloremque et totam laborum omnis.',3415,'NGN',1,54,'Dessert',NULL,'2026-05-06 14:12:58','2026-05-06 14:12:58');
INSERT INTO meals VALUES(8,1,'Aut eos architecto','aut-eos-architecto-3245','In necessitatibus nulla animi temporibus voluptas necessitatibus voluptates.',629,'NGN',1,40,'Breakfast',NULL,'2026-05-06 14:12:58','2026-05-06 14:12:58');
INSERT INTO meals VALUES(9,2,'Et expedita quia','et-expedita-quia-5679','Ipsa sed et et tempore minus iure deserunt.',1101,'NGN',1,25,'Breakfast',NULL,'2026-05-06 14:12:58','2026-05-06 14:12:58');
INSERT INTO meals VALUES(10,2,'Quia blanditiis impedit','quia-blanditiis-impedit-7966','Error eum eum ipsam dicta in autem illum.',1610,'NGN',1,19,'Breakfast',NULL,'2026-05-06 14:12:58','2026-05-06 14:12:58');
INSERT INTO meals VALUES(11,2,'Tempora ut sint','tempora-ut-sint-3395','Harum placeat rerum fuga laudantium architecto nulla.',2519,'NGN',1,59,'Dessert',NULL,'2026-05-06 14:12:58','2026-05-06 14:12:58');
INSERT INTO meals VALUES(12,2,'Aliquid aperiam vitae','aliquid-aperiam-vitae-9794','A sint velit libero dolor soluta.',1714,'NGN',1,56,'Drinks',NULL,'2026-05-06 14:12:58','2026-05-06 14:12:58');
INSERT INTO meals VALUES(13,2,'Quia modi sequi','quia-modi-sequi-8891','Occaecati et maxime dicta explicabo provident accusantium alias consequatur.',3249,'NGN',1,15,'Sides',NULL,'2026-05-06 14:12:58','2026-05-06 14:12:58');
INSERT INTO meals VALUES(14,2,'Fugit hic iusto','fugit-hic-iusto-1897','Nam distinctio quis eius quia.',5415,'NGN',1,55,'Sides',NULL,'2026-05-06 14:12:58','2026-05-06 14:12:58');
INSERT INTO meals VALUES(15,2,'At dolor minus','at-dolor-minus-859','Enim qui autem modi reiciendis.',2034,'NGN',1,60,'Drinks',NULL,'2026-05-06 14:12:58','2026-05-06 14:12:58');
INSERT INTO meals VALUES(16,2,'Voluptatem quidem libero','voluptatem-quidem-libero-6246','Natus eum nam praesentium culpa velit ducimus neque.',986,'NGN',1,33,'Sides',NULL,'2026-05-06 14:12:58','2026-05-06 14:12:58');
INSERT INTO meals VALUES(17,3,'Similique itaque quas','similique-itaque-quas-6484','Et qui magni et et.',5547,'NGN',1,26,'Main',NULL,'2026-05-06 14:12:58','2026-05-06 14:12:58');
INSERT INTO meals VALUES(18,3,'Possimus inventore quo','possimus-inventore-quo-6128','Temporibus voluptatem omnis qui rerum nemo.',2106,'NGN',1,26,'Main',NULL,'2026-05-06 14:12:59','2026-05-06 14:12:59');
INSERT INTO meals VALUES(19,3,'Nesciunt reiciendis voluptatem','nesciunt-reiciendis-voluptatem-3541','Ad et facere laborum.',2839,'NGN',1,36,'Sides',NULL,'2026-05-06 14:12:59','2026-05-06 14:12:59');
INSERT INTO meals VALUES(20,3,'At autem est','at-autem-est-7419','Explicabo id assumenda ut aut est consectetur.',1172,'NGN',1,25,'Drinks',NULL,'2026-05-06 14:12:59','2026-05-06 14:12:59');
INSERT INTO meals VALUES(21,3,'Molestias facere architecto','molestias-facere-architecto-7093','Eius dolores enim accusantium provident quas.',5245,'NGN',1,42,'Breakfast',NULL,'2026-05-06 14:12:59','2026-05-06 14:12:59');
INSERT INTO meals VALUES(22,3,'Nobis saepe fugit','nobis-saepe-fugit-1119','Excepturi alias sit quisquam fuga quo.',3181,'NGN',1,23,'Drinks',NULL,'2026-05-06 14:12:59','2026-05-06 14:12:59');
INSERT INTO meals VALUES(23,3,'Qui velit ea','qui-velit-ea-3815','Ratione quo harum sit quod atque.',4384,'NGN',1,14,'Breakfast',NULL,'2026-05-06 14:12:59','2026-05-06 14:12:59');
INSERT INTO meals VALUES(24,3,'Beatae qui rerum','beatae-qui-rerum-687','Assumenda voluptate accusantium facere ipsum eos esse accusantium.',3522,'NGN',1,41,'Drinks',NULL,'2026-05-06 14:12:59','2026-05-06 14:12:59');
INSERT INTO meals VALUES(25,4,'Quo hic perspiciatis','quo-hic-perspiciatis-2967','Rerum qui veritatis repellendus eligendi quos veritatis.',2386,'NGN',1,54,'Sides',NULL,'2026-05-06 14:12:59','2026-05-06 14:12:59');
INSERT INTO meals VALUES(26,4,'Accusantium nobis labore','accusantium-nobis-labore-7245','Est consequatur quibusdam recusandae sit quia maxime aperiam.',4669,'NGN',1,28,'Drinks',NULL,'2026-05-06 14:12:59','2026-05-06 14:12:59');
INSERT INTO meals VALUES(27,4,'Natus ducimus ducimus','natus-ducimus-ducimus-7071','Ullam unde eius nulla itaque.',940,'NGN',1,30,'Sides',NULL,'2026-05-06 14:12:59','2026-05-06 14:12:59');
INSERT INTO meals VALUES(28,4,'Non impedit quisquam','non-impedit-quisquam-9627','Dignissimos veniam hic aspernatur atque itaque blanditiis.',511,'NGN',1,39,'Breakfast',NULL,'2026-05-06 14:12:59','2026-05-06 14:12:59');
INSERT INTO meals VALUES(29,4,'Quia aut repudiandae','quia-aut-repudiandae-7412','Voluptate animi dolores ut quod optio illum.',979,'NGN',1,23,'Main',NULL,'2026-05-06 14:12:59','2026-05-06 14:12:59');
INSERT INTO meals VALUES(30,4,'Ea in alias','ea-in-alias-6162','Nisi cum quia est laborum voluptas ut quasi excepturi.',800,'NGN',1,58,'Drinks',NULL,'2026-05-06 14:12:59','2026-05-06 14:12:59');
INSERT INTO meals VALUES(31,4,'Id qui sapiente','id-qui-sapiente-1032','Unde vel saepe id omnis nihil voluptas ab nobis.',2003,'NGN',1,56,'Sides',NULL,'2026-05-06 14:12:59','2026-05-06 14:12:59');
INSERT INTO meals VALUES(32,4,'Pariatur veniam omnis','pariatur-veniam-omnis-5385','Dolores voluptatibus pariatur voluptas neque magni molestiae delectus.',712,'NGN',1,22,'Breakfast',NULL,'2026-05-06 14:12:59','2026-05-06 14:12:59');
INSERT INTO meals VALUES(33,5,'Cupiditate expedita et','cupiditate-expedita-et-9293','Non illum quidem voluptatem illum sed quis odit.',1596,'NGN',1,53,'Main',NULL,'2026-05-06 14:12:59','2026-05-06 14:12:59');
INSERT INTO meals VALUES(34,5,'Et molestiae soluta','et-molestiae-soluta-772','Animi deserunt quia nihil quae dolorem.',3874,'NGN',1,53,'Sides',NULL,'2026-05-06 14:12:59','2026-05-06 14:12:59');
INSERT INTO meals VALUES(35,5,'Neque repellendus totam','neque-repellendus-totam-3673','Mollitia officia saepe officia consequatur rem voluptas error.',5449,'NGN',1,51,'Breakfast',NULL,'2026-05-06 14:12:59','2026-05-06 14:12:59');
INSERT INTO meals VALUES(36,5,'Ea ullam similique','ea-ullam-similique-9847','Provident non dignissimos omnis iusto.',3638,'NGN',1,31,'Main',NULL,'2026-05-06 14:13:00','2026-05-06 14:13:00');
INSERT INTO meals VALUES(37,5,'Et illum praesentium','et-illum-praesentium-6761','In non iusto consequatur quae expedita quisquam.',3875,'NGN',0,21,'Main',NULL,'2026-05-06 14:13:00','2026-05-06 14:13:00');
INSERT INTO meals VALUES(38,5,'Inventore modi assumenda','inventore-modi-assumenda-3287','Mollitia asperiores deserunt aut et ut veniam.',3851,'NGN',0,13,'Drinks',NULL,'2026-05-06 14:13:00','2026-05-06 14:13:00');
INSERT INTO meals VALUES(39,5,'Beatae inventore molestias','beatae-inventore-molestias-8239','Ullam enim harum voluptatem sed.',3387,'NGN',1,12,'Main',NULL,'2026-05-06 14:13:00','2026-05-06 14:13:00');
INSERT INTO meals VALUES(40,5,'Exercitationem accusantium omnis','exercitationem-accusantium-omnis-8769','Nesciunt quo atque porro quisquam dolores odit voluptate.',897,'NGN',1,16,'Drinks',NULL,'2026-05-06 14:13:00','2026-05-06 14:13:00');
INSERT INTO meals VALUES(41,6,'Qui omnis at','qui-omnis-at-3440','Repudiandae aspernatur nostrum et.',2390,'NGN',1,31,'Breakfast',NULL,'2026-05-06 14:13:00','2026-05-06 14:13:00');
INSERT INTO meals VALUES(42,6,'Occaecati itaque a','occaecati-itaque-a-9611','Expedita et saepe nesciunt.',3981,'NGN',1,50,'Dessert',NULL,'2026-05-06 14:13:00','2026-05-06 14:13:00');
INSERT INTO meals VALUES(43,6,'Non ipsum odit','non-ipsum-odit-8511','Voluptatem voluptas voluptatem et voluptatem.',2428,'NGN',1,40,'Drinks',NULL,'2026-05-06 14:13:00','2026-05-06 14:13:00');
INSERT INTO meals VALUES(44,6,'Vitae molestiae dolore','vitae-molestiae-dolore-8622','Facere et nobis perferendis velit blanditiis sit.',682,'NGN',1,60,'Dessert',NULL,'2026-05-06 14:13:00','2026-05-06 14:13:00');
INSERT INTO meals VALUES(45,6,'Et nam ratione','et-nam-ratione-4819','Rem asperiores assumenda quod amet aut.',5806,'NGN',1,17,'Sides',NULL,'2026-05-06 14:13:00','2026-05-06 14:13:00');
INSERT INTO meals VALUES(46,6,'Consequatur praesentium iusto','consequatur-praesentium-iusto-6618','Nulla corporis id deserunt in natus fugit.',5703,'NGN',1,27,'Drinks',NULL,'2026-05-06 14:13:00','2026-05-06 14:13:00');
INSERT INTO meals VALUES(47,6,'Voluptas tempora itaque','voluptas-tempora-itaque-5050','Nobis omnis aliquid neque laudantium quo ut.',2794,'NGN',1,43,'Sides',NULL,'2026-05-06 14:13:00','2026-05-06 14:13:00');
INSERT INTO meals VALUES(48,6,'Molestiae error adipisci','molestiae-error-adipisci-8825','Iusto dolorem et dignissimos est autem sed minima inventore.',2169,'NGN',1,56,'Drinks',NULL,'2026-05-06 14:13:00','2026-05-06 14:13:00');
INSERT INTO meals VALUES(49,7,'Fugiat necessitatibus porro','fugiat-necessitatibus-porro-6185','Est occaecati doloremque voluptates soluta corporis.',3254,'NGN',0,38,'Dessert',NULL,'2026-05-06 14:13:00','2026-05-06 14:13:00');
INSERT INTO meals VALUES(50,7,'Aliquid quia rerum','aliquid-quia-rerum-3167','Doloremque eos laborum inventore autem molestiae aut.',1340,'NGN',1,56,'Drinks',NULL,'2026-05-06 14:13:00','2026-05-06 14:13:00');
INSERT INTO meals VALUES(51,7,'Exercitationem est qui','exercitationem-est-qui-3020','Velit magnam repellat sit consequatur molestiae.',1737,'NGN',1,12,'Breakfast',NULL,'2026-05-06 14:13:00','2026-05-06 14:13:00');
INSERT INTO meals VALUES(52,7,'Officiis quis omnis','officiis-quis-omnis-4141','Voluptatem inventore non explicabo vitae.',4174,'NGN',1,42,'Drinks',NULL,'2026-05-06 14:13:00','2026-05-06 14:13:00');
INSERT INTO meals VALUES(53,7,'Eum qui natus','eum-qui-natus-6299','Ut tempore sunt qui occaecati consequuntur deleniti molestiae molestiae.',4604,'NGN',1,37,'Main',NULL,'2026-05-06 14:13:00','2026-05-06 14:13:00');
INSERT INTO meals VALUES(54,7,'Odit beatae sed','odit-beatae-sed-4693','Perspiciatis quia pariatur qui odio sunt tenetur.',4749,'NGN',1,11,'Drinks',NULL,'2026-05-06 14:13:00','2026-05-06 14:13:00');
INSERT INTO meals VALUES(55,7,'Et accusantium qui','et-accusantium-qui-3164','Qui perspiciatis aspernatur est corrupti.',4494,'NGN',1,51,'Main',NULL,'2026-05-06 14:13:00','2026-05-06 14:13:00');
INSERT INTO meals VALUES(56,7,'Impedit qui ab','impedit-qui-ab-9647','Maxime asperiores nesciunt laborum adipisci aut excepturi vel.',4518,'NGN',1,26,'Breakfast',NULL,'2026-05-06 14:13:00','2026-05-06 14:13:00');
INSERT INTO meals VALUES(57,8,'Corrupti recusandae beatae','corrupti-recusandae-beatae-9762','Enim qui voluptatem molestiae beatae eum tempora.',5684,'NGN',1,34,'Dessert',NULL,'2026-05-06 14:13:01','2026-05-06 14:13:01');
INSERT INTO meals VALUES(58,8,'A laborum odio','a-laborum-odio-1644','Blanditiis fugiat similique beatae fuga odit.',3626,'NGN',1,41,'Drinks',NULL,'2026-05-06 14:13:01','2026-05-06 14:13:01');
INSERT INTO meals VALUES(59,8,'Voluptatum dolore sed','voluptatum-dolore-sed-889','Saepe voluptatem recusandae voluptatem nisi quos cumque quibusdam.',4491,'NGN',1,57,'Main',NULL,'2026-05-06 14:13:01','2026-05-06 14:13:01');
INSERT INTO meals VALUES(60,8,'Minus impedit molestias','minus-impedit-molestias-4660','In exercitationem voluptatem quaerat enim qui vel error.',3920,'NGN',1,26,'Drinks',NULL,'2026-05-06 14:13:01','2026-05-06 14:13:01');
INSERT INTO meals VALUES(61,8,'Excepturi eius voluptatem','excepturi-eius-voluptatem-6314','At et veniam dolores ea in.',865,'NGN',1,40,'Dessert',NULL,'2026-05-06 14:13:01','2026-05-06 14:13:01');
INSERT INTO meals VALUES(62,8,'Facilis et perspiciatis','facilis-et-perspiciatis-3628','Amet incidunt quisquam beatae eius dolorem et eaque omnis.',5631,'NGN',1,27,'Sides',NULL,'2026-05-06 14:13:01','2026-05-06 14:13:01');
INSERT INTO meals VALUES(63,8,'Maxime commodi impedit','maxime-commodi-impedit-8302','Assumenda laboriosam et aliquid repellendus et.',1053,'NGN',1,34,'Main',NULL,'2026-05-06 14:13:01','2026-05-06 14:13:01');
INSERT INTO meals VALUES(64,8,'Quas consequatur praesentium','quas-consequatur-praesentium-5729','Hic quis minus possimus quisquam similique qui maxime.',5079,'NGN',1,39,'Breakfast',NULL,'2026-05-06 14:13:01','2026-05-06 14:13:01');
CREATE TABLE IF NOT EXISTS "orders" ("id" integer primary key autoincrement not null, "order_number" varchar not null, "user_id" integer not null, "vendor_id" integer not null, "subtotal" integer not null default '0', "delivery_fee" integer not null default '0', "discount" integer not null default '0', "total" integer not null default '0', "status" varchar not null default 'pending', "payment_method" varchar, "address" text, "meta" text, "created_at" datetime, "updated_at" datetime, foreign key("user_id") references "users"("id") on delete cascade, foreign key("vendor_id") references "vendors"("id") on delete cascade);
INSERT INTO orders VALUES(1,'CTNKBGB26C',1,3,29265,500,0,29765,'pending','card','{"name":"Alta Pouros Jr.","phone":"+18652321129","street":"6816 Johan Trail","city":"Jimmyview"}',NULL,'2026-05-06 14:13:01','2026-05-06 14:13:01');
INSERT INTO orders VALUES(2,'A1HA39NYRT',2,5,34256,500,0,34756,'pending','card','{"name":"Ward Heathcote","phone":"+1 (979) 437-2677","street":"9741 Laura Alley Apt. 170","city":"West Doyle"}',NULL,'2026-05-06 14:13:02','2026-05-06 14:13:02');
INSERT INTO orders VALUES(3,'G0UWCSSDS3',3,4,18953,500,0,19453,'pending','card','{"name":"Gillian Johnson","phone":"616.620.0930","street":"736 Ryan Lock Apt. 752","city":"Port Lolitaview"}',NULL,'2026-05-06 14:13:02','2026-05-06 14:13:02');
INSERT INTO orders VALUES(4,'T47AFMAMXR',4,7,28527,500,0,29027,'pending','card','{"name":"Lennie Turner","phone":"+17733056883","street":"33231 Vernice Inlet Apt. 824","city":"Ephraimland"}',NULL,'2026-05-06 14:13:02','2026-05-06 14:13:02');
INSERT INTO orders VALUES(5,'DIWFA3E2GG',5,3,16510,500,0,17010,'pending','card','{"name":"Madyson Stamm","phone":"+1.669.343.9449","street":"12402 Amaya Turnpike","city":"Lake Annaliseton"}',NULL,'2026-05-06 14:13:02','2026-05-06 14:13:02');
INSERT INTO orders VALUES(6,'SHKYA3M4OX',6,4,5182,500,0,5682,'pending','card','{"name":"Miss Ora Herman","phone":"+1-907-633-9308","street":"813 Hodkiewicz Station Apt. 650","city":"Mustafashire"}',NULL,'2026-05-06 14:13:02','2026-05-06 14:13:02');
CREATE TABLE IF NOT EXISTS "order_items" ("id" integer primary key autoincrement not null, "order_id" integer not null, "meal_id" integer, "vendor_id" integer not null, "name" varchar not null, "price" integer not null default '0', "quantity" integer not null default '1', "subtotal" integer not null default '0', "meta" text, "created_at" datetime, "updated_at" datetime, foreign key("order_id") references "orders"("id") on delete cascade, foreign key("meal_id") references "meals"("id") on delete set null, foreign key("vendor_id") references "vendors"("id") on delete cascade);
INSERT INTO order_items VALUES(1,1,23,3,'Qui velit ea',4384,3,13152,NULL,'2026-05-06 14:13:01','2026-05-06 14:13:01');
INSERT INTO order_items VALUES(2,1,24,3,'Beatae qui rerum',3522,3,10566,NULL,'2026-05-06 14:13:01','2026-05-06 14:13:01');
INSERT INTO order_items VALUES(3,1,17,3,'Similique itaque quas',5547,1,5547,NULL,'2026-05-06 14:13:01','2026-05-06 14:13:01');
INSERT INTO order_items VALUES(4,2,35,5,'Neque repellendus totam',5449,3,16347,NULL,'2026-05-06 14:13:02','2026-05-06 14:13:02');
INSERT INTO order_items VALUES(5,2,34,5,'Et molestiae soluta',3874,2,7748,NULL,'2026-05-06 14:13:02','2026-05-06 14:13:02');
INSERT INTO order_items VALUES(6,2,39,5,'Beatae inventore molestias',3387,3,10161,NULL,'2026-05-06 14:13:02','2026-05-06 14:13:02');
INSERT INTO order_items VALUES(7,3,26,4,'Accusantium nobis labore',4669,3,14007,NULL,'2026-05-06 14:13:02','2026-05-06 14:13:02');
INSERT INTO order_items VALUES(8,3,31,4,'Id qui sapiente',2003,2,4006,NULL,'2026-05-06 14:13:02','2026-05-06 14:13:02');
INSERT INTO order_items VALUES(9,3,27,4,'Natus ducimus ducimus',940,1,940,NULL,'2026-05-06 14:13:02','2026-05-06 14:13:02');
INSERT INTO order_items VALUES(10,4,56,7,'Impedit qui ab',4518,1,4518,NULL,'2026-05-06 14:13:02','2026-05-06 14:13:02');
INSERT INTO order_items VALUES(11,4,49,7,'Fugiat necessitatibus porro',3254,3,9762,NULL,'2026-05-06 14:13:02','2026-05-06 14:13:02');
INSERT INTO order_items VALUES(12,4,54,7,'Odit beatae sed',4749,3,14247,NULL,'2026-05-06 14:13:02','2026-05-06 14:13:02');
INSERT INTO order_items VALUES(13,5,22,3,'Nobis saepe fugit',3181,1,3181,NULL,'2026-05-06 14:13:02','2026-05-06 14:13:02');
INSERT INTO order_items VALUES(14,5,19,3,'Nesciunt reiciendis voluptatem',2839,1,2839,NULL,'2026-05-06 14:13:02','2026-05-06 14:13:02');
INSERT INTO order_items VALUES(15,5,21,3,'Molestias facere architecto',5245,2,10490,NULL,'2026-05-06 14:13:02','2026-05-06 14:13:02');
INSERT INTO order_items VALUES(16,6,32,4,'Pariatur veniam omnis',712,1,712,NULL,'2026-05-06 14:13:02','2026-05-06 14:13:02');
INSERT INTO order_items VALUES(17,6,28,4,'Non impedit quisquam',511,3,1533,NULL,'2026-05-06 14:13:02','2026-05-06 14:13:02');
INSERT INTO order_items VALUES(18,6,29,4,'Quia aut repudiandae',979,3,2937,NULL,'2026-05-06 14:13:02','2026-05-06 14:13:02');
CREATE TABLE IF NOT EXISTS "messages" ("id" integer primary key autoincrement not null, "sender_id" integer not null, "receiver_id" integer not null, "vendor_id" integer, "body" text not null, "is_read" tinyint(1) not null default '0', "meta" text, "created_at" datetime, "updated_at" datetime, foreign key("sender_id") references "users"("id") on delete cascade, foreign key("receiver_id") references "users"("id") on delete cascade, foreign key("vendor_id") references "vendors"("id") on delete set null);
CREATE TABLE IF NOT EXISTS "blog_posts" ("id" integer primary key autoincrement not null, "vendor_id" integer, "title" varchar not null, "slug" varchar not null, "excerpt" varchar, "body" text, "cover_path" varchar, "views" integer not null default '0', "is_published" tinyint(1) not null default '1', "published_at" datetime, "created_at" datetime, "updated_at" datetime, foreign key("vendor_id") references "vendors"("id") on delete set null);
INSERT INTO blog_posts VALUES(1,1,'Dolore id et sunt voluptas.','dolore-id-et-sunt-voluptas-7485','Dolor quis autem sapiente corporis et est laudantium.',replace('Repellendus nostrum dicta alias adipisci minus. Dolor et delectus aspernatur dolorum eius sapiente ea. Id omnis aut iure rerum ea.\n\nDolor eveniet rerum iste explicabo. Modi sed porro delectus recusandae dolor eum. Architecto dicta facere voluptas doloribus ut qui dolorem.\n\nIpsa minus quia et sequi commodi laudantium et. Ad in error numquam sed modi. Eius illum cupiditate omnis culpa dignissimos.','\n',char(10)),NULL,370,1,'2026-05-06 14:13:01','2026-05-06 14:13:01','2026-05-06 14:13:01');
INSERT INTO blog_posts VALUES(2,1,'Sint ipsum non praesentium libero repudiandae quo temporibus.','sint-ipsum-non-praesentium-libero-repudiandae-quo-temporibus-6474','Ipsum aliquam optio et ut.',replace('Doloremque et qui hic blanditiis porro quia dolore. Non nam molestiae illum ipsam distinctio nam. Repellendus repellendus mollitia quisquam qui repudiandae dolores quasi deserunt. Esse quam numquam et nisi aut quia.\n\nDolor sint necessitatibus at aliquam. Aut assumenda praesentium laboriosam et placeat eum. Amet qui cumque ad dolore. Numquam omnis ad adipisci et voluptas consequuntur.\n\nConsequuntur rem quibusdam quo itaque. Et et et qui at. Voluptatem odio ut molestiae vero consectetur. Ex qui commodi id dignissimos distinctio non quasi.','\n',char(10)),NULL,2531,1,'2026-05-06 14:13:01','2026-05-06 14:13:01','2026-05-06 14:13:01');
INSERT INTO blog_posts VALUES(3,2,'Blanditiis eveniet porro et.','blanditiis-eveniet-porro-et-1295','Quia debitis aut suscipit nisi excepturi quam illo.',replace('Earum voluptatem cum aut quam est enim. Totam aut quis in quis iste atque sed. Aut beatae enim aut aut.\n\nRerum dolorem aperiam deserunt cum autem illo. Quas suscipit laborum dignissimos. Magni alias quis repellendus quas maxime ex. Exercitationem error quis reiciendis vero enim necessitatibus iure.\n\nVel occaecati nisi asperiores laudantium consequatur. Minus voluptatem nihil officiis velit natus. Quia fuga fugit excepturi nam autem aut modi.','\n',char(10)),NULL,3157,1,'2026-05-06 14:13:01','2026-05-06 14:13:01','2026-05-06 14:13:01');
INSERT INTO blog_posts VALUES(4,2,'Iste quibusdam adipisci libero adipisci ut inventore.','iste-quibusdam-adipisci-libero-adipisci-ut-inventore-1228','Dolore fugiat ut provident non placeat.',replace('Delectus omnis amet voluptatem blanditiis vel tenetur. Ab ut alias ea aliquid alias aut aut esse. Explicabo voluptatibus cum nihil dolores.\n\nVoluptatem nihil voluptates sunt et est consequatur et. Mollitia tempore ipsa cum illo ut ab. Accusantium qui blanditiis doloremque non reiciendis. Aut ipsum sequi nihil laboriosam.\n\nRatione aut ea numquam id fugit. Id eius exercitationem itaque doloribus eligendi. Similique temporibus qui consequuntur occaecati nulla quibusdam.','\n',char(10)),NULL,2847,1,'2026-05-06 14:13:01','2026-05-06 14:13:01','2026-05-06 14:13:01');
INSERT INTO blog_posts VALUES(5,3,'Sit placeat aliquam nisi quas reprehenderit blanditiis quas.','sit-placeat-aliquam-nisi-quas-reprehenderit-blanditiis-quas-3014','Laborum occaecati adipisci qui rerum inventore.',replace('Ratione quia dolor laudantium debitis voluptatem est laboriosam cumque. Consequatur delectus omnis voluptatum consequatur iste qui nihil. Rem est quae voluptas cupiditate non. Odit quia et magnam impedit.\n\nVelit vel ut voluptates aut esse. Et dolorem eaque ipsam corporis voluptatem illo. Eos harum in autem. Et rerum et accusamus tempora corrupti debitis voluptatem.\n\nAtque quos eos ipsum enim. Facere aut ipsum voluptatibus quo excepturi et quae.','\n',char(10)),NULL,2039,1,'2026-05-06 14:13:01','2026-05-06 14:13:01','2026-05-06 14:13:01');
INSERT INTO blog_posts VALUES(6,3,'Est nobis repudiandae mollitia qui cupiditate labore voluptate soluta.','est-nobis-repudiandae-mollitia-qui-cupiditate-labore-voluptate-soluta-814','Qui omnis voluptates nobis aliquam ut dignissimos maxime nobis.',replace('Dolorem omnis explicabo aut consequatur deleniti. Accusantium ea sit quia consequatur expedita voluptatem. Vitae ex minima exercitationem ut officiis.\n\nDoloremque ipsum et unde esse in placeat maiores. Provident dolorem harum quos rerum nobis consectetur. Quam et amet dolores ratione animi vitae nihil deleniti. Temporibus nostrum perferendis atque. Est voluptates nemo officiis ut.\n\nIllum aut est non iste ad. Aperiam labore dolore at laudantium omnis et. Vero maiores vitae voluptas et. Exercitationem voluptatem voluptas est aut autem placeat.','\n',char(10)),NULL,535,1,'2026-05-06 14:13:01','2026-05-06 14:13:01','2026-05-06 14:13:01');
INSERT INTO blog_posts VALUES(7,4,'Exercitationem doloribus id excepturi quasi.','exercitationem-doloribus-id-excepturi-quasi-4291','Ut voluptatem et quos quod.',replace('Itaque illo distinctio consequatur quod unde eos. Corrupti animi accusamus at nostrum. Sit deserunt qui quidem eos. Dolor id omnis molestias quia doloribus minima.\n\nOmnis sed asperiores itaque omnis dicta nemo. Adipisci est tempore deleniti voluptatum iure. Tenetur soluta recusandae et iste.\n\nMollitia dolore voluptas ut omnis aperiam. Sed eligendi et earum qui. Adipisci commodi non possimus molestiae maiores inventore. Dolorem quidem provident libero incidunt totam excepturi.','\n',char(10)),NULL,623,1,'2026-05-06 14:13:01','2026-05-06 14:13:01','2026-05-06 14:13:01');
INSERT INTO blog_posts VALUES(8,4,'In dolorum vitae consequatur commodi eos.','in-dolorum-vitae-consequatur-commodi-eos-2380','Deserunt consequatur eaque optio dolorem voluptas repudiandae aut.',replace('Quod tenetur fugiat voluptatibus reiciendis corrupti sed minus. Animi ut voluptates non magnam illum voluptatem. Vel minus nisi excepturi inventore.\n\nQuidem iste sequi veritatis sunt. Totam voluptate quidem non suscipit quia consequatur. Asperiores iusto excepturi necessitatibus velit doloremque. Cupiditate repudiandae voluptatem laudantium dignissimos autem nesciunt.\n\nDistinctio et quia expedita. Aut eum quis possimus eligendi dicta vel consequatur. Ratione consectetur reprehenderit adipisci.','\n',char(10)),NULL,2021,1,'2026-05-06 14:13:01','2026-05-06 14:13:01','2026-05-06 14:13:01');
INSERT INTO blog_posts VALUES(9,5,'Et officia est eos voluptas vero autem.','et-officia-est-eos-voluptas-vero-autem-5124','Quaerat ullam non explicabo exercitationem ut.',replace('Quis nisi enim consequatur sit ut deleniti. Velit omnis sed omnis quaerat nulla non est. Dolor cumque explicabo dolor.\n\nFugiat necessitatibus necessitatibus eius adipisci est hic magnam. Dolore maiores illo voluptatibus dolorem. Ipsum saepe et et distinctio.\n\nConsequatur et excepturi dolores. Consectetur molestiae ex beatae amet totam et soluta. Reiciendis et quis eius magni eveniet similique nemo. Architecto iste voluptas aut illum.','\n',char(10)),NULL,3813,1,'2026-05-06 14:13:01','2026-05-06 14:13:01','2026-05-06 14:13:01');
INSERT INTO blog_posts VALUES(10,5,'Quidem quod eos illo.','quidem-quod-eos-illo-488','Veniam optio sint sint vero et.',replace('Aperiam quaerat voluptatem et et consequatur porro. Enim sed et ipsa earum dicta voluptate asperiores. Optio commodi voluptatem dolores velit itaque facilis architecto.\n\nFugiat et ex perferendis vitae in corporis sit. Illo voluptas consequatur soluta ut dignissimos. Reiciendis optio eum adipisci fuga esse quae placeat culpa.\n\nQuos et qui dolores nobis porro reprehenderit. Rerum sint odit vel non animi deleniti. Et dolorem dolor in quae eum voluptatem sunt. Ut autem beatae at ut.','\n',char(10)),NULL,2501,1,'2026-05-06 14:13:01','2026-05-06 14:13:01','2026-05-06 14:13:01');
INSERT INTO blog_posts VALUES(11,6,'Recusandae eaque rerum dolorem optio placeat.','recusandae-eaque-rerum-dolorem-optio-placeat-8559','In quam nisi nihil consequatur quaerat deleniti sit.',replace('Eum ex illo est rerum facere maxime. Fugiat a sed consequatur fugiat ut optio. Non ut illum eos aliquid excepturi tenetur quos.\n\nOdit enim non esse ad quibusdam minus. Eveniet qui consequatur atque aut sit. Et vel facere harum. Ipsam aliquid aliquid fuga nam.\n\nEt earum in nihil error natus necessitatibus ut voluptatem. Similique incidunt distinctio maxime optio in. Tempora aut asperiores blanditiis velit eveniet dolorem. Et dolore voluptas ut iste.','\n',char(10)),NULL,3843,1,'2026-05-06 14:13:01','2026-05-06 14:13:01','2026-05-06 14:13:01');
INSERT INTO blog_posts VALUES(12,6,'Odio iste dolores rerum saepe.','odio-iste-dolores-rerum-saepe-3976','Veritatis dolorum et temporibus dicta.',replace('Perspiciatis qui enim tenetur consequatur. Laboriosam voluptas dolores ea. Consequatur deserunt velit ullam. Eos rerum itaque voluptate sed aliquid sint. Dignissimos similique veniam explicabo autem quod sed et.\n\nLaudantium sed iusto ipsum maxime inventore libero dolore. Dolorem repellendus quaerat rerum maiores. Dolores quia et et. Et consectetur voluptatem adipisci quos atque consequatur quis minima.\n\nConsequatur eligendi est facilis debitis asperiores eveniet. Est suscipit non voluptates velit. Eos qui inventore occaecati ut dolor consectetur provident. Et aut mollitia dolore.','\n',char(10)),NULL,1775,1,'2026-05-06 14:13:01','2026-05-06 14:13:01','2026-05-06 14:13:01');
INSERT INTO blog_posts VALUES(13,7,'Amet aspernatur beatae alias aliquid.','amet-aspernatur-beatae-alias-aliquid-5383','Labore doloribus perferendis incidunt quia.',replace('Excepturi minus dolorem at. Harum aspernatur vero non. Reprehenderit aut magnam perferendis id voluptatem ut. Dicta aut consequatur sint.\n\nAdipisci magnam excepturi illum laborum possimus autem. Ratione provident voluptas ea neque. Quo aspernatur et voluptatibus voluptas amet numquam enim.\n\nAsperiores assumenda omnis fugiat quo atque. Voluptatem minima praesentium numquam officia doloremque consectetur sint. Est neque est debitis eveniet. Quo aperiam quis accusamus reiciendis fugit aut aliquam.','\n',char(10)),NULL,2660,1,'2026-05-06 14:13:01','2026-05-06 14:13:01','2026-05-06 14:13:01');
INSERT INTO blog_posts VALUES(14,7,'Vel sunt harum dolores voluptas incidunt perferendis illum.','vel-sunt-harum-dolores-voluptas-incidunt-perferendis-illum-7220','Est qui et non officia.',replace('Molestiae qui voluptate modi quia soluta aut. Consectetur in deserunt ratione voluptate aut amet. Consequatur quia sed excepturi facilis quas non animi.\n\nAt nam hic quo qui. Aut molestias est molestiae et corrupti accusantium. Vitae maxime hic voluptatem et labore.\n\nVel et non ea. Non quam ea maiores repellat ad. Velit beatae ipsum aspernatur hic qui. Corporis exercitationem vel natus vel officia possimus rerum. Et earum alias optio quae harum sed.','\n',char(10)),NULL,2584,1,'2026-05-06 14:13:01','2026-05-06 14:13:01','2026-05-06 14:13:01');
INSERT INTO blog_posts VALUES(15,8,'Odit est est soluta molestiae.','odit-est-est-soluta-molestiae-4268','Aspernatur id mollitia architecto placeat labore.',replace('Sint accusamus aut architecto. Molestias tempora error enim dolor corporis. Voluptas facilis est voluptatem doloremque perspiciatis earum iusto. Unde earum ullam vel hic vitae.\n\nPerspiciatis ducimus quia eius eius voluptatum. Necessitatibus consequatur officiis dolore quia et minus. Libero sit incidunt sit quae. Aperiam tempore dignissimos non. Inventore illum ut aut a dignissimos laboriosam.\n\nDistinctio rerum et magnam sit esse saepe officiis. Voluptatem repudiandae voluptatem tenetur et qui quas. Blanditiis et rem ratione illo eligendi. Dolore tempore consequatur aperiam sunt quis et illum.','\n',char(10)),NULL,4556,1,'2026-05-06 14:13:01','2026-05-06 14:13:01','2026-05-06 14:13:01');
INSERT INTO blog_posts VALUES(16,8,'Architecto voluptas quis ut qui.','architecto-voluptas-quis-ut-qui-3525','Numquam doloremque quo sed ut.',replace('Velit nobis voluptatibus ipsa. Nostrum ea fugit possimus itaque ipsam rerum. Atque dolores vel et explicabo. In assumenda repellendus est consequatur quibusdam inventore.\n\nQuibusdam aut consequuntur eius eligendi. Esse necessitatibus debitis eligendi fuga officiis quae. Et accusamus velit non quisquam aut. Autem est architecto dolorem nulla.\n\nPerferendis distinctio est veniam nobis aperiam mollitia veritatis. Consequatur quisquam et officia voluptatum sed odit. Minima a et explicabo quo.','\n',char(10)),NULL,3576,1,'2026-05-06 14:13:01','2026-05-06 14:13:01','2026-05-06 14:13:01');
CREATE TABLE IF NOT EXISTS "reviews" ("id" integer primary key autoincrement not null, "user_id" integer not null, "vendor_id" integer not null, "meal_id" integer, "rating" integer not null, "comment" text, "created_at" datetime, "updated_at" datetime, foreign key("user_id") references "users"("id") on delete cascade, foreign key("vendor_id") references "vendors"("id") on delete cascade, foreign key("meal_id") references "meals"("id") on delete set null);
CREATE TABLE IF NOT EXISTS "coupons" ("id" integer primary key autoincrement not null, "code" varchar not null, "type" varchar check ("type" in ('percent', 'amount')) not null default 'percent', "value" integer not null default '0', "vendor_id" integer, "uses" integer not null default '0', "max_uses" integer, "expires_at" datetime, "created_at" datetime, "updated_at" datetime, foreign key("vendor_id") references "vendors"("id") on delete set null);
CREATE TABLE IF NOT EXISTS "notifications_center" ("id" integer primary key autoincrement not null, "user_id" integer not null, "type" varchar, "title" varchar, "body" text, "data" text, "is_read" tinyint(1) not null default '0', "created_at" datetime, "updated_at" datetime, foreign key("user_id") references "users"("id") on delete cascade);
CREATE TABLE IF NOT EXISTS "follows" ("id" integer primary key autoincrement not null, "user_id" integer not null, "vendor_id" integer not null, "created_at" datetime, "updated_at" datetime, foreign key("user_id") references "users"("id") on delete cascade, foreign key("vendor_id") references "vendors"("id") on delete cascade);
CREATE TABLE IF NOT EXISTS "loyalty_points" ("id" integer primary key autoincrement not null, "user_id" integer not null, "points" integer not null default '0', "reason" varchar, "meta" text, "created_at" datetime, "updated_at" datetime, foreign key("user_id") references "users"("id") on delete cascade);
CREATE TABLE IF NOT EXISTS "support_tickets" ("id" integer primary key autoincrement not null, "user_id" integer not null, "vendor_id" integer, "order_id" integer, "subject" varchar not null, "message" text not null, "status" varchar not null default 'open', "created_at" datetime, "updated_at" datetime, foreign key("user_id") references "users"("id") on delete cascade, foreign key("vendor_id") references "vendors"("id") on delete set null, foreign key("order_id") references "orders"("id") on delete set null);
CREATE TABLE IF NOT EXISTS "vendor_verifications" ("id" integer primary key autoincrement not null, "vendor_id" integer not null, "status" varchar check ("status" in ('pending', 'approved', 'rejected')) not null default 'pending', "reviewed_by" integer, "notes" text, "reviewed_at" datetime, "created_at" datetime, "updated_at" datetime, foreign key("vendor_id") references "vendors"("id") on delete cascade, foreign key("reviewed_by") references "users"("id") on delete set null);
INSERT INTO vendor_verifications VALUES(1,1,'approved',6,'Auto-approved during seeding','2026-05-06 14:13:02','2026-05-06 14:13:02','2026-05-06 14:13:02');
INSERT INTO vendor_verifications VALUES(2,2,'approved',6,'Auto-approved during seeding','2026-05-06 14:13:02','2026-05-06 14:13:02','2026-05-06 14:13:02');
INSERT INTO vendor_verifications VALUES(3,3,'approved',6,'Auto-approved during seeding','2026-05-06 14:13:02','2026-05-06 14:13:02','2026-05-06 14:13:02');
INSERT INTO vendor_verifications VALUES(4,4,'approved',6,'Auto-approved during seeding','2026-05-06 14:13:02','2026-05-06 14:13:02','2026-05-06 14:13:02');
INSERT INTO vendor_verifications VALUES(5,5,'approved',6,'Auto-approved during seeding','2026-05-06 14:13:02','2026-05-06 14:13:02','2026-05-06 14:13:02');
CREATE TABLE IF NOT EXISTS "refunds" ("id" integer primary key autoincrement not null, "order_id" integer not null, "user_id" integer not null, "vendor_id" integer, "amount" integer not null default '0', "reason" text, "status" varchar check ("status" in ('pending', 'approved', 'rejected')) not null default 'pending', "processed_by" integer, "processed_at" datetime, "created_at" datetime, "updated_at" datetime, foreign key("order_id") references "orders"("id") on delete cascade, foreign key("user_id") references "users"("id") on delete cascade, foreign key("vendor_id") references "vendors"("id") on delete set null, foreign key("processed_by") references "users"("id") on delete set null);
INSERT INTO refunds VALUES(1,1,1,3,14882,'Test refund for seeding','approved',6,'2026-05-06 14:13:02','2026-05-06 14:13:02','2026-05-06 14:13:02');
INSERT INTO refunds VALUES(2,2,2,5,17378,'Test refund for seeding','approved',6,'2026-05-06 14:13:02','2026-05-06 14:13:02','2026-05-06 14:13:02');
INSERT INTO refunds VALUES(3,3,3,4,9726,'Test refund for seeding','approved',6,'2026-05-06 14:13:02','2026-05-06 14:13:02','2026-05-06 14:13:02');
INSERT INTO refunds VALUES(4,4,4,7,14513,'Test refund for seeding','approved',6,'2026-05-06 14:13:03','2026-05-06 14:13:03','2026-05-06 14:13:03');
INSERT INTO refunds VALUES(5,5,5,3,8505,'Test refund for seeding','approved',6,'2026-05-06 14:13:03','2026-05-06 14:13:03','2026-05-06 14:13:03');
CREATE TABLE IF NOT EXISTS "payouts" ("id" integer primary key autoincrement not null, "vendor_id" integer not null, "amount" integer not null, "fee" integer not null default '0', "status" varchar check ("status" in ('pending', 'paid', 'failed')) not null default 'pending', "method" varchar, "meta" text, "paid_at" datetime, "created_at" datetime, "updated_at" datetime, foreign key("vendor_id") references "vendors"("id") on delete cascade);
INSERT INTO payouts VALUES(1,1,10000,500,'paid','bank_transfer','{"tx":"seed-payout-1"}','2026-05-06 14:13:03','2026-05-06 14:13:03','2026-05-06 14:13:03');
INSERT INTO payouts VALUES(2,2,10000,500,'paid','bank_transfer','{"tx":"seed-payout-2"}','2026-05-06 14:13:03','2026-05-06 14:13:03','2026-05-06 14:13:03');
INSERT INTO payouts VALUES(3,3,10000,500,'paid','bank_transfer','{"tx":"seed-payout-3"}','2026-05-06 14:13:03','2026-05-06 14:13:03','2026-05-06 14:13:03');
INSERT INTO payouts VALUES(4,4,10000,500,'paid','bank_transfer','{"tx":"seed-payout-4"}','2026-05-06 14:13:03','2026-05-06 14:13:03','2026-05-06 14:13:03');
INSERT INTO payouts VALUES(5,5,10000,500,'paid','bank_transfer','{"tx":"seed-payout-5"}','2026-05-06 14:13:03','2026-05-06 14:13:03','2026-05-06 14:13:03');
CREATE TABLE IF NOT EXISTS "audit_logs" ("id" integer primary key autoincrement not null, "user_id" integer, "action" varchar not null, "target_type" varchar, "target_id" integer, "changes" text, "ip" varchar, "user_agent" varchar, "created_at" datetime, "updated_at" datetime, foreign key("user_id") references "users"("id") on delete set null);
CREATE TABLE IF NOT EXISTS "settings" ("id" integer primary key autoincrement not null, "key" varchar not null, "value" text, "group" varchar, "autoload" tinyint(1) not null default '1', "created_at" datetime, "updated_at" datetime);
CREATE TABLE IF NOT EXISTS "roles" ("id" integer primary key autoincrement not null, "name" varchar not null, "label" varchar, "created_at" datetime, "updated_at" datetime);
INSERT INTO roles VALUES(1,'super_admin','Super Administrator','2026-05-06 14:12:52','2026-05-06 14:12:52');
INSERT INTO roles VALUES(2,'manager','Platform Manager','2026-05-06 14:12:52','2026-05-06 14:12:52');
INSERT INTO roles VALUES(3,'finance','Finance Officer','2026-05-06 14:12:52','2026-05-06 14:12:52');
INSERT INTO roles VALUES(4,'support','Support Specialist','2026-05-06 14:12:52','2026-05-06 14:12:52');
INSERT INTO roles VALUES(5,'moderator','Content Moderator','2026-05-06 14:12:52','2026-05-06 14:12:52');
INSERT INTO roles VALUES(6,'admin','Administrator','2026-05-06 14:12:55','2026-05-06 14:12:55');
CREATE TABLE IF NOT EXISTS "role_user" ("id" integer primary key autoincrement not null, "role_id" integer not null, "user_id" integer not null, "created_at" datetime, "updated_at" datetime, foreign key("role_id") references "roles"("id") on delete cascade, foreign key("user_id") references "users"("id") on delete cascade);
INSERT INTO role_user VALUES(1,1,1,'2026-05-06 14:12:54','2026-05-06 14:12:54');
INSERT INTO role_user VALUES(2,2,2,'2026-05-06 14:12:54','2026-05-06 14:12:54');
INSERT INTO role_user VALUES(3,3,3,'2026-05-06 14:12:54','2026-05-06 14:12:54');
INSERT INTO role_user VALUES(4,4,4,'2026-05-06 14:12:54','2026-05-06 14:12:54');
INSERT INTO role_user VALUES(5,5,5,'2026-05-06 14:12:54','2026-05-06 14:12:54');
INSERT INTO role_user VALUES(6,6,6,'2026-05-06 14:12:55','2026-05-06 14:12:55');
CREATE TABLE IF NOT EXISTS "admins" ("id" integer primary key autoincrement not null, "name" varchar not null, "email" varchar not null, "password" varchar not null, "remember_token" varchar, "created_at" datetime, "updated_at" datetime);
INSERT INTO admins VALUES(1,'Super Admin','superadmin@menumenu.com','$2y$12$9QRz6SiRTL6sxxy7tsZ6FOGveaqL8f1Bb0bbb2GtPMqhtDBXFGyn6',NULL,'2026-05-06 14:20:23','2026-05-06 14:20:23');
CREATE TABLE IF NOT EXISTS "moderations" ("id" integer primary key autoincrement not null, "moderatable_type" varchar not null, "moderatable_id" integer not null, "moderator_id" integer, "purpose" varchar, "status" varchar check ("status" in ('pending', 'approved', 'rejected')) not null, "reason" text, "moderated_at" datetime, "deleted_at" datetime, "created_at" datetime, "updated_at" datetime, foreign key("moderator_id") references "admins"("id"));
CREATE TABLE IF NOT EXISTS "categories" ("id" integer primary key autoincrement not null, "name" varchar not null, "icon" varchar, "popularity" varchar not null default 'low', "is_visible" tinyint(1) not null default '1', "created_at" datetime, "updated_at" datetime);
CREATE TABLE IF NOT EXISTS "category_vendor" ("id" integer primary key autoincrement not null, "category_id" integer not null, "vendor_id" integer not null, "created_at" datetime, "updated_at" datetime, foreign key("category_id") references "categories"("id") on delete cascade, foreign key("vendor_id") references "vendors"("id") on delete cascade);
CREATE TABLE IF NOT EXISTS "wishlists" ("id" integer primary key autoincrement not null, "user_id" integer not null, "meal_id" integer not null, "created_at" datetime, "updated_at" datetime, foreign key("user_id") references "users"("id") on delete cascade, foreign key("meal_id") references "meals"("id") on delete cascade);
CREATE TABLE IF NOT EXISTS "blog_comments" ("id" integer primary key autoincrement not null, "blog_post_id" integer not null, "user_id" integer not null, "body" text not null, "created_at" datetime, "updated_at" datetime, foreign key("blog_post_id") references "blog_posts"("id") on delete cascade, foreign key("user_id") references "users"("id") on delete cascade);
CREATE TABLE IF NOT EXISTS "blog_likes" ("id" integer primary key autoincrement not null, "blog_post_id" integer not null, "user_id" integer not null, "created_at" datetime, "updated_at" datetime, foreign key("blog_post_id") references "blog_posts"("id") on delete cascade, foreign key("user_id") references "users"("id") on delete cascade);
CREATE TABLE IF NOT EXISTS "permissions" ("id" integer primary key autoincrement not null, "name" varchar not null, "label" varchar, "created_at" datetime, "updated_at" datetime);
INSERT INTO permissions VALUES(1,'system_setting','System Settings Access','2026-05-06 14:12:52','2026-05-06 14:12:52');
INSERT INTO permissions VALUES(2,'update_users','Update User Profiles','2026-05-06 14:12:52','2026-05-06 14:12:52');
INSERT INTO permissions VALUES(3,'view_users','View User List','2026-05-06 14:12:52','2026-05-06 14:12:52');
INSERT INTO permissions VALUES(4,'view_transactions','View Financial Transactions','2026-05-06 14:12:52','2026-05-06 14:12:52');
INSERT INTO permissions VALUES(5,'manage_payouts','Process Vendor Payouts','2026-05-06 14:12:52','2026-05-06 14:12:52');
INSERT INTO permissions VALUES(6,'manage_refunds','Process Order Refunds','2026-05-06 14:12:52','2026-05-06 14:12:52');
INSERT INTO permissions VALUES(7,'verify_vendors','Verify & Approve Vendors','2026-05-06 14:12:52','2026-05-06 14:12:52');
INSERT INTO permissions VALUES(8,'manage_vendors','Manage Vendor Profiles','2026-05-06 14:12:52','2026-05-06 14:12:52');
INSERT INTO permissions VALUES(9,'moderate_reviews','Moderate Customer Reviews','2026-05-06 14:12:52','2026-05-06 14:12:52');
INSERT INTO permissions VALUES(10,'manage_blog','Manage Blog & CMS Content','2026-05-06 14:12:52','2026-05-06 14:12:52');
INSERT INTO permissions VALUES(11,'view_live_map','View Live Order Logistics Map','2026-05-06 14:12:52','2026-05-06 14:12:52');
INSERT INTO permissions VALUES(12,'manage_support','Handle Support Tickets','2026-05-06 14:12:52','2026-05-06 14:12:52');
INSERT INTO permissions VALUES(13,'view_analytics','View Platform Analytics','2026-05-06 14:12:52','2026-05-06 14:12:52');
INSERT INTO permissions VALUES(14,'manage_orders','Manage & Update Orders','2026-05-06 14:12:52','2026-05-06 14:12:52');
INSERT INTO permissions VALUES(15,'manage_categories','Manage Food Categories','2026-05-06 14:12:52','2026-05-06 14:12:52');
CREATE TABLE IF NOT EXISTS "permission_role" ("id" integer primary key autoincrement not null, "permission_id" integer not null, "role_id" integer not null, "created_at" datetime, "updated_at" datetime, foreign key("permission_id") references "permissions"("id") on delete cascade, foreign key("role_id") references "roles"("id") on delete cascade);
INSERT INTO permission_role VALUES(1,1,1,'2026-05-06 14:12:52','2026-05-06 14:12:52');
INSERT INTO permission_role VALUES(2,2,1,'2026-05-06 14:12:52','2026-05-06 14:12:52');
INSERT INTO permission_role VALUES(3,3,1,'2026-05-06 14:12:53','2026-05-06 14:12:53');
INSERT INTO permission_role VALUES(4,4,1,'2026-05-06 14:12:53','2026-05-06 14:12:53');
INSERT INTO permission_role VALUES(5,5,1,'2026-05-06 14:12:53','2026-05-06 14:12:53');
INSERT INTO permission_role VALUES(6,6,1,'2026-05-06 14:12:53','2026-05-06 14:12:53');
INSERT INTO permission_role VALUES(7,7,1,'2026-05-06 14:12:53','2026-05-06 14:12:53');
INSERT INTO permission_role VALUES(8,8,1,'2026-05-06 14:12:53','2026-05-06 14:12:53');
INSERT INTO permission_role VALUES(9,9,1,'2026-05-06 14:12:53','2026-05-06 14:12:53');
INSERT INTO permission_role VALUES(10,10,1,'2026-05-06 14:12:53','2026-05-06 14:12:53');
INSERT INTO permission_role VALUES(11,11,1,'2026-05-06 14:12:53','2026-05-06 14:12:53');
INSERT INTO permission_role VALUES(12,12,1,'2026-05-06 14:12:53','2026-05-06 14:12:53');
INSERT INTO permission_role VALUES(13,13,1,'2026-05-06 14:12:53','2026-05-06 14:12:53');
INSERT INTO permission_role VALUES(14,14,1,'2026-05-06 14:12:53','2026-05-06 14:12:53');
INSERT INTO permission_role VALUES(15,15,1,'2026-05-06 14:12:53','2026-05-06 14:12:53');
INSERT INTO permission_role VALUES(16,10,2,'2026-05-06 14:12:53','2026-05-06 14:12:53');
INSERT INTO permission_role VALUES(17,15,2,'2026-05-06 14:12:53','2026-05-06 14:12:53');
INSERT INTO permission_role VALUES(18,14,2,'2026-05-06 14:12:53','2026-05-06 14:12:53');
INSERT INTO permission_role VALUES(19,8,2,'2026-05-06 14:12:53','2026-05-06 14:12:53');
INSERT INTO permission_role VALUES(20,2,2,'2026-05-06 14:12:53','2026-05-06 14:12:53');
INSERT INTO permission_role VALUES(21,13,2,'2026-05-06 14:12:53','2026-05-06 14:12:53');
INSERT INTO permission_role VALUES(22,11,2,'2026-05-06 14:12:53','2026-05-06 14:12:53');
INSERT INTO permission_role VALUES(23,3,2,'2026-05-06 14:12:53','2026-05-06 14:12:53');
INSERT INTO permission_role VALUES(24,5,3,'2026-05-06 14:12:53','2026-05-06 14:12:53');
INSERT INTO permission_role VALUES(25,6,3,'2026-05-06 14:12:53','2026-05-06 14:12:53');
INSERT INTO permission_role VALUES(26,13,3,'2026-05-06 14:12:53','2026-05-06 14:12:53');
INSERT INTO permission_role VALUES(27,4,3,'2026-05-06 14:12:53','2026-05-06 14:12:53');
INSERT INTO permission_role VALUES(28,14,4,'2026-05-06 14:12:53','2026-05-06 14:12:53');
INSERT INTO permission_role VALUES(29,12,4,'2026-05-06 14:12:53','2026-05-06 14:12:53');
INSERT INTO permission_role VALUES(30,3,4,'2026-05-06 14:12:53','2026-05-06 14:12:53');
INSERT INTO permission_role VALUES(31,10,5,'2026-05-06 14:12:53','2026-05-06 14:12:53');
INSERT INTO permission_role VALUES(32,9,5,'2026-05-06 14:12:53','2026-05-06 14:12:53');
INSERT INTO permission_role VALUES(33,7,5,'2026-05-06 14:12:53','2026-05-06 14:12:53');
INSERT INTO permission_role VALUES(34,3,5,'2026-05-06 14:12:53','2026-05-06 14:12:53');
DELETE FROM sqlite_sequence;
INSERT INTO sqlite_sequence VALUES('migrations',28);
INSERT INTO sqlite_sequence VALUES('states',37);
INSERT INTO sqlite_sequence VALUES('cities',37);
INSERT INTO sqlite_sequence VALUES('roles',6);
INSERT INTO sqlite_sequence VALUES('permissions',15);
INSERT INTO sqlite_sequence VALUES('permission_role',34);
INSERT INTO sqlite_sequence VALUES('users',17);
INSERT INTO sqlite_sequence VALUES('role_user',6);
INSERT INTO sqlite_sequence VALUES('vendors',8);
INSERT INTO sqlite_sequence VALUES('vendor_areas',24);
INSERT INTO sqlite_sequence VALUES('meals',64);
INSERT INTO sqlite_sequence VALUES('blog_posts',16);
INSERT INTO sqlite_sequence VALUES('orders',6);
INSERT INTO sqlite_sequence VALUES('order_items',18);
INSERT INTO sqlite_sequence VALUES('vendor_verifications',5);
INSERT INTO sqlite_sequence VALUES('refunds',5);
INSERT INTO sqlite_sequence VALUES('payouts',5);
INSERT INTO sqlite_sequence VALUES('admins',1);
CREATE INDEX "cache_expiration_index" on "cache" ("expiration");
CREATE INDEX "cache_locks_expiration_index" on "cache_locks" ("expiration");
CREATE UNIQUE INDEX "states_slug_unique" on "states" ("slug");
CREATE UNIQUE INDEX "cities_slug_unique" on "cities" ("slug");
CREATE UNIQUE INDEX "users_email_unique" on "users" ("email");
CREATE INDEX "sessions_user_id_index" on "sessions" ("user_id");
CREATE INDEX "sessions_last_activity_index" on "sessions" ("last_activity");
CREATE INDEX "personal_access_tokens_tokenable_type_tokenable_id_index" on "personal_access_tokens" ("tokenable_type", "tokenable_id");
CREATE UNIQUE INDEX "personal_access_tokens_token_unique" on "personal_access_tokens" ("token");
CREATE INDEX "personal_access_tokens_expires_at_index" on "personal_access_tokens" ("expires_at");
CREATE UNIQUE INDEX "vendors_slug_unique" on "vendors" ("slug");
CREATE UNIQUE INDEX "vendor_members_email_unique" on "vendor_members" ("email");
CREATE UNIQUE INDEX "orders_order_number_unique" on "orders" ("order_number");
CREATE UNIQUE INDEX "blog_posts_slug_unique" on "blog_posts" ("slug");
CREATE UNIQUE INDEX "coupons_code_unique" on "coupons" ("code");
CREATE UNIQUE INDEX "follows_user_id_vendor_id_unique" on "follows" ("user_id", "vendor_id");
CREATE UNIQUE INDEX "settings_key_unique" on "settings" ("key");
CREATE UNIQUE INDEX "roles_name_unique" on "roles" ("name");
CREATE UNIQUE INDEX "role_user_role_id_user_id_unique" on "role_user" ("role_id", "user_id");
CREATE UNIQUE INDEX "admins_email_unique" on "admins" ("email");
CREATE INDEX "moderations_moderatable_type_moderatable_id_index" on "moderations" ("moderatable_type", "moderatable_id");
CREATE UNIQUE INDEX "wishlists_user_id_meal_id_unique" on "wishlists" ("user_id", "meal_id");
CREATE UNIQUE INDEX "blog_likes_blog_post_id_user_id_unique" on "blog_likes" ("blog_post_id", "user_id");
CREATE UNIQUE INDEX "permissions_name_unique" on "permissions" ("name");
CREATE UNIQUE INDEX "permission_role_permission_id_role_id_unique" on "permission_role" ("permission_id", "role_id");
COMMIT;
